{"success":true,"terms":"https:\/\/currencylayer.com\/terms","privacy":"https:\/\/currencylayer.com\/privacy","timestamp":1487590028,"source":"USD","quotes":{"USDAED":3.672596,"USDAFN":66.550003,"USDALL":127.199997,"USDAMD":486.23999,"USDANG":1.770055,"USDAOA":165.082001,"USDARS":15.649452,"USDAUD":1.303598,"USDAWG":1.7998,"USDAZN":1.734699,"USDBAM":1.843599,"USDBBD":2,"USDBDT":79.320327,"USDBGN":1.836503,"USDBHD":0.376904,"USDBIF":1692.55,"USDBMD":1,"USDBND":1.417398,"USDBOB":6.859781,"USDBRL":3.103304,"USDBSD":1,"USDBTC":0.000945,"USDBTN":66.99991,"USDBWP":10.422495,"USDBYN":1.868097,"USDBYR":20020,"USDBZD":1.997803,"USDCAD":1.31024,"USDCDF":1295.051695,"USDCHF":1.00323,"USDCLF":0.02419,"USDCLP":625.000137,"USDCNY":6.877198,"USDCOP":2884.5,"USDCRC":551.502436,"USDCUC":0.995,"USDCUP":0.999588,"USDCVE":103.809998,"USDCZK":25.440099,"USDDJF":177.869995,"USDDKK":6.99918,"USDDOP":46.599998,"USDDZD":109.802002,"USDEEK":14.734958,"USDEGP":15.769719,"USDERN":15.270289,"USDETB":22.509526,"USDEUR":0.9413,"USDFJD":2.060497,"USDFKP":0.804599,"USDGBP":0.80236,"USDGEL":2.632902,"USDGGP":0.80238,"USDGHS":4.530207,"USDGIP":0.804899,"USDGMD":45.450046,"USDGNF":9302.499729,"USDGTQ":7.391501,"USDGYD":204.089996,"USDHKD":7.760962,"USDHNL":23.493999,"USDHRK":7.009299,"USDHTG":64.730003,"USDHUF":290.170013,"USDIDR":13344,"USDILS":3.706198,"USDIMP":0.80238,"USDINR":66.919998,"USDIQD":1181,"USDIRR":32389.999918,"USDISK":109.940002,"USDJEP":0.80238,"USDJMD":128.339996,"USDJOD":0.708799,"USDJPY":113.135002,"USDKES":103.400002,"USDKGS":69.079002,"USDKHR":3979.399902,"USDKMF":461.279999,"USDKPW":130.732394,"USDKRW":1147.599976,"USDKWD":0.304802,"USDKYD":0.834864,"USDKZT":318.999959,"USDLAK":8180.999949,"USDLBP":1512.749795,"USDLKR":151.119909,"USDLRD":94.500005,"USDLSL":13.175497,"USDLTL":3.048698,"USDLVL":0.62055,"USDLYD":1.43145,"USDMAD":10.061602,"USDMDL":19.905001,"USDMGA":3165.000051,"USDMKD":57.660143,"USDMMK":1372.750132,"USDMNT":2477.290039,"USDMOP":7.9938,"USDMRO":355.200012,"USDMUR":35.502495,"USDMVR":15.319461,"USDMWK":720.000103,"USDMXN":20.496201,"USDMYR":4.461025,"USDMZN":70.440002,"USDNAD":13.158033,"USDNGN":314.749796,"USDNIO":29.524799,"USDNOK":8.34304,"USDNPR":108.599998,"USDNZD":1.391598,"USDOMR":0.384901,"USDPAB":1,"USDPEN":3.261499,"USDPGK":3.15095,"USDPHP":50.380001,"USDPKR":104.809998,"USDPLN":4.069176,"USDPYG":5753.499227,"USDQAR":3.640703,"USDRON":4.258698,"USDRSD":116.421997,"USDRUB":58.063023,"USDRWF":814.880005,"USDSAR":3.7502,"USDSBD":7.778202,"USDSCR":12.097012,"USDSDG":6.6667,"USDSEK":8.91306,"USDSGD":1.41796,"USDSHP":0.8049,"USDSLL":7346.999797,"USDSOS":576.999681,"USDSRD":7.542474,"USDSTD":23065.300781,"USDSVC":8.722201,"USDSYP":514.97998,"USDSZL":13.1673,"USDTHB":35.029754,"USDTJS":7.945303,"USDTMT":3.5,"USDTND":2.285298,"USDTOP":2.251303,"USDTRY":3.632896,"USDTTD":6.7195,"USDTWD":30.790001,"USDTZS":2228.0002,"USDUAH":26.990553,"USDUGX":3586.000119,"USDUSD":1,"USDUYU":28.299999,"USDUZS":3305.000063,"USDVEF":9.995002,"USDVND":22813,"USDVUV":105.930193,"USDWST":2.5401,"USDXAF":616.929993,"USDXAG":0.055525,"USDXAU":0.000809,"USDXCD":2.716069,"USDXDR":0.73865,"USDXOF":617.570201,"USDXPF":112.280069,"USDYER":250.199997,"USDZAR":13.110296,"USDZMK":5156.0992,"USDZMW":9.739878,"USDZWL":322.355011}}